id_tutor,rank_recomendacao,id_pet_recomendado,score_similaridade
1,1,382,0.8859270778445472
1,2,144,0.862618909524958
1,3,105,0.8270769339222337
1,4,353,0.8149546521612243
1,5,243,0.8120616865486543
2,1,427,0.5616641938620146
2,2,108,0.5543478937468667
2,3,448,0.5539117094069974
2,4,455,0.5424508028966484
2,5,282,0.5412806568272487
3,1,424,0.7080898984929994
3,2,105,0.7078383972965655
3,3,112,0.6727168197604345
3,4,346,0.6423117459361467
3,5,382,0.6417164616489028
