id_tutor,rank_recomendacao,id_pet_recomendado,score_similaridade
2,1,449,0.8021806287494231
2,2,478,0.7800925977109879
2,3,341,0.7789043068258894
2,4,436,0.7734807328349145
2,5,443,0.772469598303409
